Metric,Value
MAE,0.7749999999999999
MSE,0.6624999999999998
